,precision,recall,f1-score,support
0.0,0.9920634920634921,1.0,0.9960159362549801,250.0
1.0,0.9958677685950413,0.964,0.9796747967479674,250.0
2.0,0.9841897233201581,0.996,0.9900596421471173,250.0
3.0,0.9762845849802372,0.988,0.9821073558648111,250.0
accuracy,0.987,0.987,0.987,0.987
macro avg,0.9871013922397323,0.987,0.9869644327537189,1000.0
weighted avg,0.9871013922397321,0.987,0.9869644327537189,1000.0
