,precision,recall,f1-score,support
0.0,0.89453125,0.916,0.9051383399209487,250.0
1.0,0.8902439024390244,0.876,0.8830645161290323,250.0
2.0,0.8709677419354839,0.864,0.8674698795180723,250.0
3.0,0.912,0.912,0.912,250.0
accuracy,0.892,0.892,0.892,0.892
macro avg,0.891935723593627,0.892,0.8919181838920133,1000.0
weighted avg,0.891935723593627,0.892,0.8919181838920133,1000.0
