f1_score,precision,recall,support,accuracy,model,epoch,params
0.8919181838920133,0.891935723593627,0.892,,89.20000457763672,resnet50-80,80,23516228
0.901422081091464,0.9029173385221247,0.902,,90.20000457763672,mobilenetv2-80,80,2228996
0.9869644327537188,0.9871013922397324,0.987,,98.70000457763672,cnn-80,80,3541000
0.8816677178882202,0.8819246327443048,0.882,,88.20000457763672,xception-80,80,20815148
0.973974352805073,0.9747399269796364,0.974,,97.4000015258789,vit-25x150-120,120,1306628
0.9729290309320684,0.9735486194647548,0.973,,97.3000030517578,vit-25x150-80,80,1898500
0.9669156550237848,0.9676415717890897,0.967,,96.70000457763672,vit-25x150-80,80,714756
