,precision,recall,f1-score,support
0.0,0.9467680608365019,0.996,0.9707602339181287,250.0
1.0,0.9914893617021276,0.932,0.9608247422680413,250.0
2.0,0.9645669291338582,0.98,0.9722222222222221,250.0
3.0,0.967741935483871,0.96,0.963855421686747,250.0
accuracy,0.967,0.967,0.967,0.967
macro avg,0.9676415717890897,0.967,0.9669156550237848,1000.0
weighted avg,0.9676415717890897,0.967,0.9669156550237847,1000.0
