,precision,recall,f1-score,support
0.0,0.9537815126050421,0.908,0.930327868852459,250.0
1.0,0.8581818181818182,0.944,0.899047619047619,250.0
2.0,0.9333333333333333,0.84,0.8842105263157894,250.0
3.0,0.9045801526717557,0.948,0.9257812499999999,250.0
accuracy,0.91,0.91,0.91,0.91
macro avg,0.9124692041979873,0.9099999999999999,0.9098418160539669,1000.0
weighted avg,0.9124692041979874,0.91,0.9098418160539669,1000.0
