,precision,recall,f1-score,support
0.0,0.9652509652509652,1.0,0.9823182711198428,250.0
1.0,0.9957627118644068,0.94,0.9670781893004115,250.0
2.0,0.9800796812749004,0.984,0.9820359281437127,250.0
3.0,0.9645669291338582,0.98,0.9722222222222221,250.0
accuracy,0.976,0.976,0.976,0.976
macro avg,0.9764150718810327,0.976,0.9759136526965473,1000.0
weighted avg,0.9764150718810326,0.976,0.9759136526965473,1000.0
