,precision,recall,f1-score,support
0.0,0.34838709677419355,0.216,0.26666666666666666,250.0
1.0,0.16666666666666666,0.08,0.10810810810810811,250.0
2.0,0.26126126126126126,0.348,0.29845626072041165,250.0
3.0,0.3112244897959184,0.488,0.38006230529595014,250.0
accuracy,0.283,0.283,0.283,0.283
macro avg,0.27188487862450994,0.283,0.26332333519778417,1000.0
weighted avg,0.27188487862450994,0.283,0.26332333519778417,1000.0
